key,email,phone,visitor_id
customer:1026,colinhoeger@moore.info,9560251273,
customer:1037,ashtynrice@roob.biz,4159178649,
customer:104,prestonschowalter@berge.name,4450652168,
customer:1052,bellabreitenberg@schulist.biz,9483442251,
customer:1058,anniecormier@kris.com,1748582159,
customer:1070,ethelynmaggio@senger.biz,8910123590,
customer:1097,kariborer@johnson.net,9709072494,
customer:1112,demetriuscremin@veum.name,8580678407,
customer:1113,carolynmohr@kunde.com,5894504006,
customer:1121,jermeydaugherty@harber.net,4380747543,
customer:1128,elfriedapadberg@mccullough.name,1921883173,
customer:113,chesterbuckridge@borer.io,8912981658,
customer:1144,christopherhaley@armstrong.biz,4354769610,
customer:1146,lorineauer@hilpert.biz,9327813254,
customer:1155,janebrown@labadie.io,4229784843,
customer:1168,rashadconn@ward.name,9699088003,
customer:1184,audrabarton@spencer.com,2668787417,
customer:1185,jayfunk@nolan.info,6244339303,
customer:1198,louskiles@west.io,8408875447,
customer:1202,daltonkling@glover.org,5573542948,
customer:1210,earnesthaag@will.io,8961383764,
customer:1214,ethanstreich@lockman.com,1990390657,
customer:1291,kaseydare@brown.net,7271361986,
customer:1315,orphaspencer@hansen.info,1431121240,
customer:132,lulukuhlman@spencer.biz,3271874213,
customer:1358,jerodmann@moen.name,3257573209,
customer:1360,jesseroberts@lang.io,6300358743,
customer:1387,rupertjerde@pollich.io,2517606636,
customer:1406,judekemmer@moen.com,6673915062,
customer:1417,wilfredorussel@huels.info,9502940266,
customer:1439,keeleysporer@pfannerstill.org,8810956978,
customer:1462,yasmeenkovacek@gutkowski.biz,8210791958,
customer:157,jerroldpurdy@rau.info,1031462391,
customer:1580,reynabartoletti@emmerich.biz,9411414530,
customer:163,tylermann@lynch.info,8539994683,
customer:1635,koryromaguera@grimes.net,6605081725,
customer:1637,christinagutmann@pollich.io,6507903807,
customer:1666,gladycecrist@nader.biz,9907020886,
customer:1722,joycepfeffer@conn.biz,7788974319,
customer:1730,paigekunze@morissette.biz,7481570535,
customer:1737,christophekoelpin@crona.net,5942071942,
customer:1773,kobeeichmann@emmerich.io,2516159512,
customer:18,rickieerdman@satterfield.name,2528717599,
customer:1830,buddyaltenwerth@davis.biz,3128996992,
customer:1839,briaziemann@schamberger.org,2288957983,
customer:1845,ilawalker@mckenzie.com,5363339639,
customer:1871,gaylejacobi@jacobson.net,5936421803,
customer:1872,lennahegmann@kutch.biz,4134930088,
customer:1879,geovanystokes@weissnat.com,7061345255,
customer:188,raheemgreenholt@macejkovic.biz,2827934080,
customer:1895,keelybergnaum@johns.name,3069753539,
customer:1918,neilwalker@gislason.name,3115976203,
customer:1924,romainesawayn@weber.com,4985441390,
customer:1929,breannanikolaus@stroman.name,4871858095,
customer:1947,shirleylangosh@waters.info,9464975118,
customer:1949,kipthiel@williamson.info,1662191889,
customer:1952,meredithgislason@bradtke.biz,1906585281,
customer:196,mertieeffertz@gottlieb.org,4133076459,
customer:1979,rossiedeckow@altenwerth.io,4427349994,
customer:2009,malcolmaufderhar@davis.io,2386563379,
customer:2010,nicklauseffertz@jacobi.org,7768841831,
customer:2020,jedidiahfunk@waelchi.biz,2823018113,
customer:2029,carlosfranecki@krajcik.info,6750540363,
customer:2035,daronhilpert@shields.com,4224018777,
customer:2041,elroyrunolfsdottir@mayer.io,2734817266,
customer:2051,osvaldojaskolski@mohr.io,6964962851,
customer:2056,jaimemckenzie@klein.com,8250700105,
customer:2122,nicksanford@bartell.info,9203589759,
customer:2127,caterinahalvorson@hoeger.io,4595745082,
customer:2138,laurensporer@smith.info,2669966511,
customer:215,rowenaspinka@willms.name,1991104831,
customer:2163,merljacobs@moen.info,9387928160,
customer:2183,virgiekozey@kerluke.name,1186369640,
customer:224,luestroman@rolfson.net,1330067801,
customer:2247,emilianomarks@rowe.info,7907507320,
customer:2253,audieboyer@goldner.info,7829332352,
customer:2255,laishaleannon@baumbach.io,8700318192,
customer:2276,loispadberg@miller.name,7002179860,
customer:2283,alvinamurphy@lind.biz,4671329395,
customer:2292,flaviokulas@beatty.com,4974445639,
customer:2296,granvilleschumm@moore.io,7681287925,
customer:2315,rodolfogorczany@hodkiewicz.net,7394799013,
customer:2331,earlfranecki@feest.org,5664393671,
customer:2335,johathantorphy@rogahn.com,4847731345,
customer:2358,amirazboncak@mante.name,5334446664,
customer:2365,scottieullrich@haley.name,3970522321,
customer:2369,diamondpowlowski@welch.biz,4907020567,
customer:24,piercejerde@volkman.name,2336566122,
customer:2407,damienjewess@nolan.name,2540018227,
customer:241,mayrarau@mosciski.biz,2513937282,
customer:2421,pasqualerodriguez@wolff.io,2779796322,
customer:244,devenebert@morar.info,1814476010,
customer:2442,alliehaley@greenfelder.info,8911995925,
customer:2466,monteullrich@keebler.org,9138973593,
customer:2474,aaronhessel@volkman.org,4900969918,
customer:2477,elissawilkinson@senger.net,2461836316,
customer:2484,jasenrice@lebsack.name,9871869554,
customer:251,leolakin@eichmann.io,7914496798,
customer:2566,gaylordspencer@schiller.biz,1626476583,
customer:2567,estellehuel@luettgen.org,1227421532,
customer:2574,williekihn@walsh.info,7818229528,
customer:2592,sonyavonrueden@collier.info,5509211014,
customer:26,rosaliaupton@bogisich.info,4061280559,
customer:2639,hannahkilback@konopelski.info,5670767830,
customer:2659,henricruickshank@champlin.com,4611851862,
customer:2664,emmanuellejacobson@turner.com,8949822954,
customer:2709,sigridhackett@cartwright.io,3929182167,
customer:2716,daisyrunte@adams.name,4155191847,
customer:2717,colleenwolff@swift.name,7770049166,
customer:2744,bethryan@rice.biz,1570311026,
customer:2756,tyriquelebsack@gerhold.name,4087027606,
customer:276,napoleongerhold@hyatt.name,4775038711,
customer:2776,rubyskiles@collier.org,6246940034,
customer:2787,tonyreilly@littel.com,2223753768,
customer:2788,bulahbotsford@veum.io,1105895576,
customer:2798,jaspercruickshank@bogan.biz,7127963025,
customer:2810,henriwill@wiegand.net,6332707501,
customer:2812,floridalangworth@mante.io,7859466615,
customer:2822,donavonbrakus@ratke.io,6457602864,
customer:2823,vernreynolds@champlin.com,2684011445,
customer:284,ebonyswaniawski@herzog.biz,4451493799,
customer:2849,merrittlebsack@krajcik.info,1729147827,
customer:2866,luciusframi@sawayn.net,5728686613,
customer:288,lucianohaley@zboncak.io,9711917482,
customer:2918,joanywillms@bradtke.io,4312849469,
customer:2948,shanellestehr@schumm.info,5404582144,
customer:296,terencebatz@pfannerstill.io,9138234016,
customer:2991,brianmayert@price.org,1395817460,
customer:3014,bellejaskolski@goodwin.org,2058061774,
customer:3027,lavonneherzog@douglas.io,8950793275,
customer:3052,reinholdstamm@conroy.name,5873687837,
customer:3073,josienolan@christiansen.net,6564993961,
customer:3107,minniewillms@kreiger.org,5867206841,
customer:3111,mitchellvon@howell.org,2632621601,
customer:3137,darylcrona@stoltenberg.info,4559576479,
customer:3145,russaufderhar@johnson.org,5951377292,
customer:3187,crystelheaney@considine.net,4529879252,
customer:3191,pearliewindler@oreilly.name,3328264873,
customer:320,emanuelcrona@windler.net,2407993369,
customer:3248,budfay@quitzon.biz,7072843570,
customer:3271,reytillman@anderson.biz,8450109665,
customer:3304,kathlynlind@denesik.org,9090441732,
customer:3330,kiarapaucek@abernathy.org,7758679180,
customer:3338,nigelwolff@heller.info,7286927068,
customer:3372,kadinpagac@cassin.org,1507897379,
customer:3387,greenhansen@murray.io,2309396356,
customer:3407,athenaquigley@schuppe.net,6484078788,
customer:3414,lowellstrosin@lueilwitz.biz,2129457977,
customer:3420,chasehagenes@konopelski.org,5849787313,
customer:3422,katlynnmonahan@metz.net,2661589180,
customer:3431,elianegorczany@bergnaum.net,2180947259,
customer:345,silasdurgan@green.com,6550836143,
customer:3450,mateohaag@gaylord.biz,1301189786,
customer:3480,andrewbeer@kunde.io,8194685586,
customer:349,karlmaggio@gutkowski.info,2058135702,
customer:3533,celinejohnston@walker.net,7285953319,
customer:3539,virginiaauer@bruen.name,3953831300,
customer:3554,michelemertz@schinner.com,3653425708,
customer:3561,sisterryan@wiegand.biz,6567988889,
customer:3586,christinatoy@blanda.org,9851034300,
customer:3588,jaquanrussel@raynor.info,1739035818,
customer:3597,jaidenweissnat@parker.net,1260571859,
customer:3647,janewyman@veum.io,6236141917,
customer:3662,bettemcdermott@wiza.com,1627668893,
customer:3672,wilmerblick@will.org,2827328795,
customer:3722,deshaunsipes@windler.org,1340662683,
customer:3732,sigmundturner@schumm.net,9626860392,
customer:3739,stewartkonopelski@nader.name,8796729491,
customer:3773,fabianflatley@lesch.io,3876412385,
customer:3791,jeanielabadie@rutherford.io,3673340966,
customer:3800,cleoschmidt@windler.org,1275523779,
customer:3833,nataliabalistreri@heathcote.io,1680059641,
customer:3834,merlepacocha@sawayn.com,8832921246,
customer:3880,khalilmoen@christiansen.net,8755660061,
customer:3886,leannaarmstrong@anderson.io,3946595536,
customer:3915,davionnitzsche@olson.com,9961348647,
customer:392,garfieldnitzsche@wintheiser.org,7269947415,
customer:393,cristobalsatterfield@weissnat.info,8895514208,
customer:3959,claireprice@mcclure.io,8590042808,
customer:403,keonwehner@konopelski.org,2062225992,
customer:4047,saigeconsidine@metz.com,4381212077,
customer:4057,leolacassin@graham.info,6256034706,
customer:4092,xanderdare@quitzon.com,4707383411,
customer:4094,santoschristiansen@braun.name,8060615937,
customer:4129,daxdenesik@hermann.org,3631374541,
customer:4132,alannastreich@lang.biz,5442810700,
customer:4142,anthonysmitham@lynch.net,1907105213,
customer:4163,dejahjewess@beatty.io,4363192019,
customer:4178,groverhuels@raynor.com,3470563188,
customer:4196,titocorkery@stark.io,9712209150,
customer:4201,mozelldenesik@runte.com,6145532615,
customer:4206,bertdicki@roberts.org,5185088770,
customer:4226,gradywiegand@lind.com,5528027885,
customer:424,elianeboehm@feil.info,4073476687,
customer:4244,brendanbartoletti@waelchi.name,3680952564,
customer:4248,domenickbogisich@kunze.name,2816668392,
customer:4280,kalliemedhurst@connelly.biz,3566910225,
customer:4285,ardensatterfield@dibbert.org,6460466976,
customer:4286,valentinhoppe@hettinger.name,3790312895,
customer:4325,yeseniasipes@abernathy.org,3602954273,
customer:4326,blancherunte@runolfsdottir.biz,8813737517,
customer:4339,tayagreenholt@mitchell.com,8689026569,
customer:435,maverickhowell@kirlin.net,3644405919,
customer:4354,mariellemclaughlin@schmidt.org,9338792053,
customer:4366,justynrenner@wilderman.org,7279577155,
customer:4390,franzcorwin@schinner.name,1785933294,
customer:4422,kacihoppe@tremblay.name,4450477698,
customer:4439,chasesanford@hettinger.info,5297100182,
customer:4451,jorgelarkin@streich.biz,4430577714,
customer:4460,loganfeil@mohr.org,7100958588,
customer:448,arthurschimmel@keeling.info,5261105342,
customer:4515,bernitabahringer@hermiston.biz,4105766397,
customer:4527,americoschroeder@zieme.name,8688230934,
customer:4535,warrenbergstrom@hansen.biz,1086355651,
customer:4538,elenorahegmann@stroman.io,4921761732,
customer:4600,tarazieme@howe.net,5084353648,
customer:4609,cleobrown@carter.org,4352580296,
customer:4612,raoulwisoky@lueilwitz.com,7957031851,
customer:4637,bradyluettgen@kub.net,9981851078,
customer:4654,rahuldenesik@rohan.com,8579809134,
customer:4655,erniegislason@kautzer.com,2275393393,
customer:4663,tatyanadouglas@schowalter.org,1960296289,
customer:4693,elouisebrekke@berge.io,6625938344,
customer:4706,marcoswolf@gibson.name,3903406426,
customer:4715,issacjacobson@reichel.com,1784748552,
customer:4733,winstonjewess@schmitt.biz,6045374285,
customer:4775,nolanbradtke@hayes.name,9333934270,
customer:4788,doylegleichner@mraz.com,2934001100,
customer:4794,alejandrastehr@brekke.io,2183786706,
customer:4802,lanekris@murazik.org,6159720498,
customer:4807,arnekuhic@steuber.io,7098126381,
customer:4816,harmonshanahan@haley.name,8657215956,
customer:4821,giovannadeckow@dach.io,1791106559,
customer:4830,teaganernser@dach.io,6416308060,
customer:4845,meredithschinner@gorczany.org,4977181301,
customer:4892,vestastokes@schneider.biz,1329849094,
customer:4894,nickolaskihn@wyman.biz,1821758320,
customer:4906,yvonnekautzer@kessler.biz,8694543152,
customer:4915,yadiramacejkovic@jast.com,8301881925,
customer:492,vivianelowe@steuber.io,6267635248,
customer:4933,destiniwunsch@mayert.name,7527854089,
customer:4941,hermannmuller@rice.biz,5028127947,
customer:4964,libbybayer@stanton.name,9681351055,
customer:4978,micahleffler@ullrich.name,3796728683,
customer:4983,olenhoppe@hilll.name,3634340669,
customer:5002,katelynngutkowski@tillman.info,9996629122,
customer:5024,linniehartmann@jaskolski.com,7003498237,
customer:5039,geovanyritchie@collier.io,8326996338,
customer:5041,colinheathcote@moen.com,8042862053,
customer:5060,kassandralowe@rau.org,9029039609,
customer:5084,magdalenkoepp@ondricka.com,2140920255,
customer:5095,marisolbogisich@brekke.name,9161287630,
customer:5144,chesterbecker@blick.org,7646465648,
customer:5249,patriciashields@feeney.net,5878496855,
customer:5255,danebernier@padberg.org,6449700418,
customer:5273,leannaquitzon@rolfson.info,3642671995,
customer:5291,clementpacocha@zulauf.biz,2543591903,
customer:5295,aminawitting@lind.name,8271112609,
customer:5299,antonecartwright@reichert.org,2302401123,
customer:530,emilianolabadie@padberg.org,5363365061,
customer:5315,princessprosacco@maggio.org,1705253677,
customer:5321,piperrutherford@wisozk.io,1241043353,
customer:5324,chesleylittel@haley.com,1244191483,
customer:5340,laneolson@nikolaus.com,6509078148,
customer:5367,zionkuvalis@thompson.biz,2738909165,
customer:5432,deonlebsack@kerluke.biz,5674516695,
customer:5433,magdalenstrosin@padberg.net,7624654848,
customer:5479,camilledouglas@pacocha.net,5892247177,
customer:5570,dejadooley@dicki.net,9290814253,
customer:5575,declanheidenreich@pagac.net,9921891870,
customer:5581,melvinahackett@lang.org,5814067176,
customer:5589,shanellehoppe@pfeffer.info,1496014182,
customer:561,mortonleannon@heaney.info,8728165898,
customer:5620,scotcassin@abernathy.org,1850498463,
customer:5648,kennyhoppe@barrows.org,8880608744,
customer:5657,orarussel@marvin.org,7070577111,
customer:5662,jenningshomenick@kris.net,2632486018,
customer:5673,torreyortiz@herman.net,1360179460,
customer:5695,mattiejerde@bradtke.com,7549907077,
customer:5701,lilyangutkowski@stark.biz,5696769177,
customer:5706,jacquesbalistreri@schiller.org,1200683116,
customer:5713,abigalegraham@lindgren.info,1678032315,
customer:5726,ethelyncorkery@haley.info,8596777431,
customer:5796,orlandokeeling@ritchie.com,7369241185,
customer:5799,jordondickinson@stiedemann.com,6528700785,
customer:5806,lawrencesenger@zieme.info,7635027577,
customer:5819,tiffanyrau@roob.org,5235267066,
customer:5828,keiraskiles@collins.biz,7029264529,
customer:5855,kelleypfannerstill@mitchell.biz,6931977960,
customer:5857,henryhansen@huel.org,1807607463,
customer:5859,hannahkerluke@rohan.com,7194074744,
customer:5918,edgarhoppe@cremin.org,2445366175,
customer:5919,myriamhackett@green.com,4692457628,
customer:6,bernardschuster@smith.net,1679864144,
customer:6054,laurianelangworth@schinner.net,4138876139,
customer:6063,heberkuhic@hansen.info,4382825232,
customer:6071,jermaineebert@barton.io,1528132264,
customer:6072,ferminkuhn@stark.io,6519821318,
customer:6076,elihahn@johnson.io,7715170020,
customer:6085,emeraldwhite@eichmann.org,4898534094,
customer:6096,kimberlyanderson@ruecker.name,1203627878,
customer:6120,mervindeckow@shields.info,2515721376,
customer:6125,madalinewaelchi@corkery.name,4460636881,
customer:6159,michelmitchell@yundt.net,3797892119,
customer:6161,marcoschultz@littel.com,6533650254,
customer:6181,eileenspencer@gibson.biz,6547709003,
customer:6277,kacierowe@quigley.name,6282810378,
customer:6337,lillieabbott@fay.info,9577519984,
customer:6338,greysonschowalter@mayert.org,4318736323,
customer:6359,heathcollins@streich.net,2513694921,
customer:6360,krystinakeeling@labadie.name,2751000661,
customer:6364,aubreekeeling@waelchi.io,2692416720,
customer:6381,eldonmcdermott@blanda.net,5319171299,
customer:6387,titohyatt@wiza.com,1958092092,
customer:6403,josianefahey@kertzmann.biz,5545005644,
customer:6405,jadacummings@toy.com,5688359533,
customer:6409,dameonbartell@swaniawski.name,2592993273,
customer:6418,othothompson@spinka.io,9646254038,
customer:6448,chanelsipes@schmitt.info,8983139928,
customer:6475,assuntafarrell@kuvalis.net,7465569794,
customer:6482,emersonraynor@brown.name,5810570276,
customer:6494,imaquitzon@muller.org,9132654227,
customer:6518,elenoraeichmann@rogahn.biz,5259460246,
customer:6540,camrongaylord@lind.biz,2652931483,
customer:6618,sydniemuller@dickens.com,8062529432,
customer:6620,carriereynolds@lockman.io,1124494953,
customer:663,johathanschmitt@bins.io,4843396677,
customer:6641,fredtillman@stamm.org,4338087803,
customer:6655,heathergleason@bradtke.com,2058340944,
customer:6661,sethokuneva@barton.io,7928331337,
customer:6668,andymcdermott@koepp.org,1515606788,
customer:6678,frederiquelittle@ullrich.io,1778666593,
customer:679,lafayettemills@gutmann.org,5534542665,
customer:6834,allisonsawayn@little.org,4412959483,
customer:6846,bentonparisian@kiehn.org,5885527629,
customer:685,enidhoppe@damore.info,3404234570,
customer:6856,norvalbechtelar@cummings.com,5832526656,
customer:6859,heatherrunte@altenwerth.net,4483131850,
customer:6893,rebecakrajcik@shields.com,8886899765,
customer:6894,eddiefarrell@abshire.net,9565742888,
customer:6897,brookrice@goyette.info,9420249716,
customer:6909,barrydaniel@runolfsdottir.info,5180441225,
customer:692,leannagorczany@haag.org,5573795528,
customer:6925,joanneleannon@gibson.info,1754304257,
customer:6926,lucianobins@sanford.com,7512857167,
customer:6931,haylierenner@rutherford.name,4296419870,
customer:6939,kelligottlieb@osinski.com,4350665834,
customer:6954,cordellrohan@klocko.biz,9857188893,
customer:6989,jeromyortiz@parker.net,4772218161,
customer:702,hectorkeeling@hand.info,4978352242,
customer:7027,terrymedhurst@raynor.net,3959716593,
customer:7028,vellawest@howe.info,4153240850,
customer:7050,alejandrinstiedemann@kulas.org,1614126533,
customer:710,kristinacrooks@pfannerstill.io,7190138290,
customer:7105,heidijerde@zieme.com,6225810222,
customer:7106,rahsaanpfeffer@miller.com,6376641753,
customer:7169,reymundoturner@kovacek.name,4559563748,
customer:7177,naomiehaley@franecki.info,2152952911,
customer:7184,russellmosciski@waelchi.com,5275162901,
customer:7191,fredericconsidine@tillman.name,2374095125,
customer:7223,jonatanthiel@boehm.info,4244964383,
customer:724,chanellittel@hackett.name,6067998439,
customer:7286,remingtonchamplin@littel.biz,3063245850,
customer:7311,randallmcglynn@kuhn.org,3061694066,
customer:7332,zariabeatty@hagenes.biz,6694032519,
customer:7333,omerwilderman@lind.name,5610947602,
customer:7342,giaschiller@dicki.io,2689108933,
customer:7355,hipolitobernier@jenkins.name,8690217941,
customer:7359,daijarau@tillman.name,3054736044,
customer:7382,tyreselangosh@kessler.com,1466195032,
customer:7393,horacepouros@bechtelar.info,7728339208,
customer:7478,tremayneframi@mosciski.io,9869527925,
customer:7494,adolphcronin@schaefer.biz,8258223306,
customer:7511,ellalockman@johnson.name,4367744696,
customer:7529,camrynhartmann@schuster.io,1887033980,
customer:753,haydenbode@abshire.net,7178993944,
customer:7539,charlesolson@kozey.io,8547392390,
customer:7616,louwalter@ratke.name,1673780624,
customer:7622,mazietrantow@powlowski.name,8876728299,
customer:7627,kriskoch@hessel.io,7646212919,
customer:7649,laronwintheiser@kulas.io,5990831353,
customer:7673,bofritsch@kshlerin.net,4970430508,
customer:7733,vivakilback@jerde.com,1415832760,
customer:7745,kamronbauch@gislason.biz,3253925822,
customer:7754,wilmaschulist@hettinger.info,9267220781,
customer:7766,lorainebailey@kunze.biz,3533013759,
customer:7814,erikawuckert@hahn.io,3336976740,
customer:7858,pinkiemohr@willms.biz,8618254464,
customer:7874,ephraimrice@williamson.biz,8239835553,
customer:7885,raphaelkutch@braun.net,2218415714,
customer:7894,bernadettemurazik@ryan.name,2082148061,
customer:7931,helenhickle@marquardt.biz,7665096435,
customer:7935,altheakshlerin@pacocha.io,2841524370,
customer:7939,kathrynlarson@murray.name,3518685879,
customer:7977,thadfarrell@davis.biz,4540397964,
customer:7979,avagaylord@kunde.name,4189186092,
customer:7992,chrisberge@raynor.com,2043950853,
customer:8028,wilberkunde@dooley.com,7026701576,
customer:8059,eileenconsidine@harvey.org,8265553268,
customer:8148,myrticegrimes@dach.name,7259319394,
customer:8172,peggiebalistreri@goldner.name,8013316928,
customer:8211,molliemueller@lueilwitz.name,7195401394,
customer:824,gilesrogahn@daniel.io,9729696524,
customer:8246,kingsenger@luettgen.io,4866727478,
customer:8284,eliserohan@boyer.io,8771237327,
customer:8302,marcelopadberg@friesen.biz,1463948408,
customer:8305,daisykulas@anderson.io,7057322634,
customer:8316,feliciagerhold@west.name,2045187506,
customer:8325,lyladaniel@stokes.com,3341206987,
customer:8326,leilablock@nikolaus.name,8224339811,
customer:8364,othabatz@olson.biz,2002731518,
customer:8369,dellasporer@gaylord.biz,3066522981,
customer:838,dorrispadberg@funk.biz,1746154052,
customer:8380,francesmosciski@jast.name,8363379047,
customer:8389,madisynpagac@breitenberg.io,2456100665,
customer:8405,kathryneherman@romaguera.name,4466159954,
customer:8427,madgekerluke@morar.biz,4669842489,
customer:8436,jessicatorphy@veum.org,9732615007,
customer:8447,nigelabernathy@pacocha.biz,2586773263,
customer:8456,devenhuel@turner.name,1030512869,
customer:8505,cooperfunk@schuppe.biz,6949861652,
customer:8533,maryjanehermann@auer.net,7435366094,
customer:8547,tiannajewess@herzog.info,6990694012,
customer:8585,finnwaters@lockman.name,8133419854,
customer:8591,giannikoepp@borer.net,4856796802,
customer:8625,jadynterry@maggio.info,6125833515,
customer:8640,bernitadoyle@jewess.name,3365243984,
customer:8682,stevegaylord@kohler.org,3408930506,
customer:8683,kellybernhard@gulgowski.org,7341679986,
customer:8721,melisakohler@williamson.biz,7232869245,
customer:8733,rogelioking@connelly.net,4779326386,
customer:8745,jerodward@leannon.info,6707423779,
customer:8756,svenkozey@barton.com,2174922408,
customer:8775,carlikuphal@schaefer.com,7290387638,
customer:8814,jeffereyklocko@pouros.info,4042381875,
customer:8829,piercemacejkovic@stoltenberg.biz,1973619908,
customer:8869,aliyacrist@wintheiser.com,9880289260,
customer:8877,delbertvolkman@pfeffer.org,8878741946,
customer:8891,michalegoyette@kozey.name,1416475805,
customer:8900,preciousarmstrong@corkery.name,6218039527,
customer:8904,myrtiecarroll@jaskolski.com,2517139572,
customer:8916,flossiebailey@king.biz,7632724820,
customer:8929,issaccormier@bergnaum.biz,7369664528,
customer:893,brionnaberge@wisozk.info,7009858239,
customer:8930,tonydach@hartmann.com,7085045838,
customer:8985,drakeraynor@schaefer.org,5580689157,
customer:8992,hillardkoelpin@hodkiewicz.biz,1436491351,
customer:902,denismccullough@feeney.net,6599092351,
customer:9025,evalyneichmann@bauch.com,2780254397,
customer:9071,kaelaemmerich@smitham.org,7974417529,
customer:9085,leliadaniel@nitzsche.name,1639876858,
customer:9092,bernicecrona@satterfield.org,1851333362,
customer:9099,coltensporer@witting.org,2544007014,
customer:91,winstonfeeney@funk.biz,1321013087,
customer:9116,jenniecummerata@kertzmann.name,4324855672,
customer:9122,dexterrippin@bode.biz,5331232158,
customer:9123,aiyanastamm@little.org,4652923513,
customer:9159,arnaldojakubowski@monahan.com,4530537188,
customer:916,giaschultz@ernser.org,8616116463,
customer:917,twilakunde@grant.net,4110645060,
customer:9188,bettefritsch@jacobs.io,6210561549,
customer:9243,armanihagenes@fadel.info,7034538236,
customer:9266,myrticewindler@denesik.com,5850372578,
customer:9276,budrunte@strosin.biz,9123807012,
customer:9288,isaibednar@treutel.org,2555972107,
customer:9323,greysonmohr@schowalter.info,5861617371,
customer:9326,geraldbartoletti@pfannerstill.net,3892849955,
customer:9362,milliegulgowski@rath.io,8923491595,
customer:9375,mercedesbraun@mohr.io,4680231721,
customer:9417,shanelkiehn@rice.biz,9520277118,
customer:9452,ikebernhard@batz.info,2563558606,
customer:9454,virgilaltenwerth@hudson.io,9647735657,
customer:947,tiarahudson@klein.com,1216209169,
customer:9475,amelydavis@beer.com,7455028869,
customer:955,jackelineabshire@larson.info,4411008771,
customer:9569,patiencemckenzie@berge.net,5498688540,
customer:9571,elianpfeffer@vandervort.info,6494450985,
customer:9594,evalynschumm@littel.name,9324718973,
customer:9607,urbanjohnson@skiles.info,5118271625,
customer:961,odessabrown@heathcote.io,8376679603,
customer:9636,giaharris@marquardt.info,7580629507,
customer:9658,wadegrimes@jerde.name,4474945470,
customer:9680,beaulowe@jones.io,6244254334,
customer:974,leonkuhn@fisher.name,2455460484,
customer:9767,romainezemlak@okuneva.biz,1831497554,
customer:9776,ethelynhahn@heaney.io,2818033240,
customer:9805,austyndouglas@harber.info,1777394984,
customer:9815,viviennekertzmann@larkin.net,7653927749,
customer:983,gaylekassulke@davis.org,4168020816,
customer:9839,francesmoore@harber.info,3285184663,
customer:984,laceyschulist@russel.io,8484985759,
customer:9846,mattierodriguez@cassin.biz,6034534941,
customer:9854,cielocrooks@bins.org,9708114991,
customer:9865,abigalegreen@white.org,2615730035,
customer:9900,keshaunkoepp@rau.com,8321827209,
customer:9906,kellyullrich@farrell.biz,4107630271,
customer:9915,vernoncruickshank@kling.name,2550122087,
customer:9944,kyliewalter@mckenzie.org,7395565970,
customer:9962,alessandradooley@kunze.name,5555849882,
customer:9978,rudolphhuels@lesch.org,4129490587,
